R_eff,q_conv,q_rad_published,q_total
0.3,9516280.110076625,5818900.706064983,15335180.81614161
0.30903010033444817,9376212.74457277,5874528.764976157,15250741.509548927
0.3180602006688963,9242153.557211345,5929063.506289892,15171217.063501237
0.32709030100334446,9113684.942423135,5982556.567120354,15096241.50954349
0.33612040133779264,8990428.83324635,6035055.799529182,15025484.632775532
0.3451505016722408,8872042.014905024,6086605.641413415,14958647.65631844
0.35418060200668894,8758212.09989125,6137247.442368874,14895459.542260123
0.3632107023411371,8648654.05695923,6187019.750995646,14835673.807954878
0.3722408026755853,8543107.206138503,6235958.569046873,14779065.775185376
0.3812709030100334,8441332.607582664,6284097.5769535955,14725430.18453626
0.3903010033444816,8343110.784670902,6331468.334546692,14674579.119217593
0.39933110367892977,8248239.7319442965,6378100.460210837,14626340.192155134
0.40836120401337794,8156533.166701712,6424021.791220298,14580554.95792201
0.41739130434782606,8067818.9897989165,6469258.527603088,14537077.517402004
0.42642140468227424,7981937.926696979,6513835.361543269,14495773.288240248
0.4354515050167224,7898742.324333533,6557775.594048833,14456517.918382365
0.44448160535117054,7818095.083131866,6601101.240374903,14419196.323506769
0.4535117056856187,7739868.706567852,6643833.125491202,14383701.832059054
0.4625418060200669,7663944.453301711,6685990.970712304,14349935.424014015
0.47157190635451507,7590211.579045592,6727593.472464396,14317805.051509988
0.48060200668896325,7518566.657154563,6768658.374038347,14287225.03119291
0.48963210702341137,7448912.968459048,6809202.531072995,14258115.499532044
0.49866220735785954,7381159.952150645,6849241.971421405,14230401.923572049
0.5076923076923077,7315222.710630459,6888791.949974385,14204014.660604844
0.5167224080267558,7251021.562162718,6927866.998947711,14178888.56111043
0.525752508361204,7188481.635973096,6966480.97408071,14154962.610053806
0.5347826086956522,7127532.505112968,7004647.097142812,14132179.60225578
0.5438127090301004,7068107.852996022,7042377.995100189,14110485.84809621
0.5528428093645485,7010145.170017242,7079685.736255708,14089830.906272952
0.5618729096989967,6953585.477098765,7116581.863641521,14070167.340740286
0.5709030100334449,6898373.0733830035,7153077.425913695,14051450.499296699
0.579933110367893,6844455.305619312,7189183.005972151,14033638.311591463
0.5889632107023411,6791782.357073721,7224908.747506003,14016691.104579724
0.5979933110367893,6740307.054038094,7260264.379644089,14000571.433682185
0.6070234113712374,6689984.688230456,7295259.239872328,13985243.928102784
0.6160535117056856,6640772.853566718,7329902.295363675,13970675.148930393
0.6250836120401337,6592631.295949407,7364202.16285214,13956833.458801547
0.6341137123745819,6545521.774864036,7398167.127169796,13943688.902033832
0.6431438127090301,6499407.935701708,7431805.158554345,13931213.094256055
0.6521739130434783,6454255.191839132,7465123.928824907,13919379.12066404
0.6612040133779264,6410030.615606882,7498130.8265145365,13908161.442121418
0.6702341137123746,6366702.837364817,7530832.971040087,13897535.808404904
0.6792642140468228,6324241.951981766,7563237.225982737,13887479.177964503
0.688294314381271,6282619.4320859155,7595350.211545998,13877969.643631913
0.6973244147157192,6241808.0475141425,7627178.316252292,13868986.363766436
0.7063545150501672,6201781.790443482,7658727.707933775,13860509.498377256
0.7153846153846154,6162515.80573703,7690004.344068513,13852520.149805542
0.7244147157190636,6123986.326080436,7721013.981508678,13845000.307589114
0.7334448160535116,6086170.61152442,7751762.185643667,13837932.797168087
0.7424749163879598,6049046.893083883,7782254.339037499,13831301.232121382
0.751505016722408,6012594.32007586,7812495.649576612,13825089.969652472
0.7605351170568562,5976792.910906834,7842491.158161404,13819284.069068238
0.7695652173913043,5941623.507045579,7872245.745972101,13813869.253017679
0.7785953177257525,5907067.729940668,7901764.141337259,13808831.871277926
0.7876254180602007,5873107.940662535,7931050.926230924,13804158.86689346
0.7966555183946489,5839727.202068823,7960110.542422607,13799837.74449143
0.805685618729097,5806909.243308622,7988947.297302244,13795856.540610867
0.8147157190635452,5774638.426496643,8017565.3694008505,13792203.795897493
0.8237458193979934,5742899.715402276,8045968.813625891,13788868.529028166
0.8327759197324416,5711678.646011124,8074161.566229078,13785840.212240202
0.8418060200668898,5680961.298828091,8102147.449523032,13783108.748351123
0.8508361204013377,5650734.272801574,8129930.176362018,13780664.449163593
0.8598662207357859,5620984.660757792,8157513.354400973,13778498.015158765
0.8688963210702341,5591700.02624297,8184900.4901459515,13776600.516388921
0.8779264214046822,5562868.3816790115,8212094.992808295,13774963.374487307
0.8869565217391304,5534478.167745516,8239100.177973938,13773578.345719453
0.8959866220735786,5506518.233907587,8265919.271098499,13772437.505006086
0.9050167224080268,5478977.820014942,8292555.410838108,13771533.230853051
0.914046822742475,5451846.538903359,8319011.652225218,13770858.191128578
0.9230769230769231,5425114.359934544,8345290.96969813,13770405.329632673
0.9321070234113713,5398771.593415221,8371396.259992257,13770167.853407478
0.9411371237458195,5372808.875840435,8397330.344900759,13770139.220741194
0.9501672240802677,5347217.155910061,8423095.973911645,13770313.129821707
0.9591973244147158,5321987.681271068,8448695.826727936,13770683.507999003
0.968227424749164,5297111.985941464,8474132.51567722,13771244.501618683
0.977257525083612,5272581.878374853,8499408.588016318,13771990.466391172
0.9862876254180601,5248389.430127418,8524526.528136661,13772915.958264079
0.9953177257525083,5224526.965091703,8549488.759675434,13774015.724767137
1.0043478260869565,5200987.049264009,8574297.647537405,13775284.696801413
1.0133779264214047,5177762.481014416,8598955.49983191,13776717.980846325
1.0224080267558529,5154846.281830509,8623464.56972935,13778310.851559859
1.031438127090301,5132231.687507814,8647827.057241173,13780058.744748987
1.0404682274247492,5109912.139761648,8672045.110927146,13781957.250688795
1.0494983277591974,5087881.278236812,8696120.8295335,13784002.107770313
1.0585284280936456,5066132.932892968,8720056.263565322,13786189.196458291
1.0675585284280937,5044661.116745047,8743853.416796336,13788514.533541383
1.076588628762542,5023460.018939259,8767514.247719124,13790974.266658384
1.08561872909699,5002523.998146529,8791040.670938568,13793564.669085097
1.0946488294314383,4981847.576256315,8814434.55851122,13796282.134767536
1.1036789297658862,4961425.432354786,8837697.7412331,13799123.173587885
1.1127090301003344,4941252.396972332,8860832.009878347,13802084.406850679
1.1217391304347826,4921323.446586294,8883839.116390942,13805162.562977236
1.1307692307692307,4901633.698365625,8906720.775031678,13808354.473397303
1.139799331103679,4882178.405145004,8929478.66348238,13811657.068627384
1.148829431438127,4862952.950616674,8952114.423909275,13815067.37452595
1.1578595317725753,4843952.844728895,8974629.663987406,13818582.5087163
1.1668896321070235,4825173.719280679,8997025.957887715,13822199.677168394
1.1759197324414716,4806611.3237029,9019304.847228482,13825916.170931382
1.1849498327759198,4788261.521016602,9041467.841992693,13829729.363009296
1.193979933110368,4770120.283959742,9063516.421412738,13833636.705372479
1.2030100334448162,4752183.69127413,9085452.034823915,13837635.726098046
1.2120401337792643,4734447.924144821,9107276.10248802,13841724.026632842
1.2210702341137125,4716909.262784595,9128990.016388277,13845899.279172871
1.2301003344481607,4699564.083156586,9150595.140996864,13850159.22415345
1.2391304347826086,4682408.853828528,9172092.814016106,13854501.667844635
1.2481605351170568,4665440.132952392,9193484.347094493,13858924.480046885
1.257190635451505,4648654.56536356,9214771.026518462,13863425.591882022
1.2662207357859532,4632048.87979399,9235954.113881053,13868002.993675044
1.2752508361204014,4615619.886194106,9257034.846728245,13872654.732922351
1.2842809364548495,4599364.473158438,9278014.439183962,13877378.9123424
1.2933110367892977,4583279.6054503005,9298894.082554558,13882173.688004859
1.3023411371237459,4567362.321621031,9319674.94591359,13887037.267534621
1.311371237458194,4551609.731719552,9340358.17666767,13891967.908387221
1.3204013377926422,4536019.015088238,9360944.901104122,13896963.91619236
1.3294314381270904,4520587.418241259,9381436.224921169,13902023.643162427
1.3384615384615386,4505312.252821796,9401833.233741287,13907145.486563083
1.3474916387959868,4490190.893634661,9422136.993608395,13912327.887243055
1.356521739130435,4475220.776751087,9442348.551469488,13917569.328220576
1.3655518394648831,4460399.3976825485,9462468.935641332,13922868.333323881
1.3745819397993313,4445724.309620676,9482499.156262694,13928223.46588337
1.3836120401337795,4431193.121740457,9502440.20573275,13933633.327473206
1.3926421404682274,4416803.497564054,9522293.059136104,13939096.556700159
1.4016722408026756,4402553.153382676,9542058.674654964,13944611.82803764
1.4107023411371238,4388439.856734113,9561737.9939689,13950177.850703012
1.419732441471572,4374461.4249336105,9581331.942642657,13955793.367576268
1.4287625418060201,4360615.723655898,9600841.430502461,13961457.15415836
1.4377926421404683,4346900.665566267,9620267.352001216,13967168.017567484
1.4468227424749165,4333314.208998724,9639610.586572984,13972924.795571707
1.4558528428093647,4319854.3566793,9658871.998977138,13978726.355656438
1.4648829431438128,4306519.154492722,9678052.439632554,13984571.594125275
1.473913043478261,4293306.690290698,9697152.744942173,13990459.43523287
1.4829431438127092,4280215.092740177,9716173.737608293,13996388.83034847
1.4919732441471574,4267242.530210017,9735116.22693887,14002358.757148888
1.5010033444816056,4254387.20969453,9753981.009145193,14008368.218839724
1.5100334448160537,4241647.375772497,9772768.867631167,14014416.243403664
1.519063545150502,4229021.309600273,9791480.573274536,14020501.88287481
1.5280936454849499,4216507.327937651,9810116.884700313,14026624.212637965
1.537123745819398,4204103.782205261,9828678.548546609,14032782.33075187
1.5461538461538462,4191809.057572288,9847166.299723241,14038975.35729553
1.5551839464882944,4179621.572073363,9865580.861663232,14045202.433736594
1.5642140468227426,4167539.7757535377,9883922.946567519,14051462.722321056
1.5732441471571907,4155562.1498402967,9902193.255643055,14057755.405483352
1.582274247491639,4143687.2059415793,9920392.479334518,14064079.685276099
1.591304347826087,4131913.485268887,9938521.29754988,14070434.782818766
1.6003344481605353,4120239.5578845246,9956580.379879942,14076819.937764466
1.6093645484949834,4108664.021972103,9974570.385812147,14083234.40778425
1.6183946488294316,4097185.503129469,9992491.964938723,14089677.468068192
1.6274247491638798,4085802.6536832363,10010345.757159472,14096148.410842707
1.636454849498328,4074514.1520241527,10028132.392879238,14102646.54490339
1.6454849498327762,4063318.7019625506,10045852.493200341,14109171.195162892
1.654515050167224,4052215.0321031837,10063506.670110034,14115721.702213217
1.6635451505016723,4041201.895238736,10081095.526663218,14122297.421901954
1.6725752508361205,4030278.0677613844,10098619.65716049,14128897.724921875
1.6816053511705686,4019442.3490917464,10116079.647321742,14135521.996413488
1.6906354515050168,4008693.5611246354,10133476.07445536,14142169.635579996
1.699665551839465,3998030.5476910374,10150809.507623233,14148840.05531427
1.7086956521739132,3987452.174035732,10168080.507801678,14155532.68183741
1.7177257525083613,3976957.3263100535,10185289.628038332,14162246.954348385
1.7267558528428095,3966544.9110792493,10202437.413605282,14168982.32468453
1.7357859531772577,3956213.854843957,10219524.402148366,14175738.256992323
1.7448160535117059,3945963.1035753204,10236551.12383291,14182514.22740823
1.753846153846154,3935791.6222632895,10253518.101485899,14189309.723749189
1.7628762541806022,3925698.394477652,10270425.85073477,14196124.245212423
1.7719063545150504,3915682.4219414014,10287274.880142845,14202957.302084247
1.7809364548494984,3905742.7241160045,10304065.691341555,14209808.41545756
1.7899665551839465,3895878.3377981917,10320798.779159542,14216677.116957733
1.7989966555183947,3886088.316727905,10337474.631748712,14223562.948476616
1.808026755852843,3876371.731207014,10354093.730707318,14230465.46191433
1.817056856187291,3866727.6677284758,10370656.551200202,14237384.218928678
1.8260869565217392,3857155.228615588,10387163.562076205,14244318.790691793
1.8351170568561874,3847653.5316710253,10403615.225982908,14251268.757653933
1.8441471571906356,3838221.7098353277,10420011.999478707,14258233.709314035
1.8531772575250838,3828858.910854565,10436354.33314233,14265213.243996896
1.862207357859532,3819564.2969568647,10452642.671679866,14272206.96863673
1.8712374581939801,3810337.044537543,10468877.454029368,14279214.49856691
1.8802675585284283,3801176.343852562,10485059.113463085,14286235.457315646
1.8892976588628765,3792081.398720051,10501188.07768744,14293269.47640749
1.8983277591973247,3783051.4262296488,10517264.768940711,14300316.19517036
1.9073578595317726,3774085.6564594246,10533289.604088606,14307375.260548031
1.9163879598662208,3765183.3322001444,10549262.994717684,14314446.326917827
1.925418060200669,3756343.7086866484,10565185.347226728,14321529.055913376
1.9344481605351171,3747566.053336153,10581057.062916132,14328623.116252284
1.9434782608695653,3738849.645493227,10596878.538075319,14335728.183568545
1.9525083612040135,3730193.776181278,10612650.164068257,14342843.940249536
1.9615384615384617,3721597.7478603264,10628372.327417165,14349970.075277492
1.9705685618729099,3713060.874190905,10644045.409884365,14357106.284075271
1.979598662207358,3704582.479803874,10659669.788552426,14364252.2683563
1.9886287625418062,3696161.9000760014,10675245.835902581,14371407.735978583
1.9976588628762544,3687798.4809111287,10690773.919891471,14378572.4008026
2.0066889632107023,3679491.57852675,10706254.404026292,14385745.982553042
2.0157190635451507,3671240.5592458723,10721687.647438351,14392928.206684224
2.0247491638795987,3663044.799293966,10737074.004955065,14400118.80424903
2.0337792642140466,3654903.684600896,10752413.827170495,14407317.511771392
2.042809364548495,3646816.6106076688,10767707.460514385,14414524.071122054
2.051839464882943,3638782.98207786,10782955.24731979,14421738.229397649
2.0608695652173914,3630802.2129135905,10798157.525889315,14428959.738802906
2.0698996655518394,3622873.725975931,10813314.630559992,14436188.356535923
2.0789297658862878,3614996.952909592,10828426.891766837,14443423.84467643
2.0879598662207357,3607171.3339717938,10843494.636105113,14450665.970076907
2.096989966555184,3599396.3178651934,10858518.186391348,14457914.50425654
2.106020066889632,3591671.3615747537,10873497.861723099,14465169.223297853
2.1150501672240805,3583995.9302084506,10888433.977537561,14472429.907746011
2.1240802675585284,3576369.4968417063,10903326.845668951,14479696.342510657
2.133110367892977,3568791.5423654476,10918176.774404807,14486968.316770256
2.1421404682274248,3561261.555337695,10932984.068541141,14494245.623878837
2.151170568561873,3553779.0318385754,10947749.029436506,14501528.061275082
2.160200668896321,3546343.4753286806,10962471.955065023,14508815.430393703
2.169230769230769,3538954.39651066,10977153.140068347,14516107.536579007
2.1782608695652175,3531611.3131939876,10991792.87580665,14523404.189000638
2.1872909698996654,3524313.7501627877,11006391.450408578,14530705.200571366
2.196321070234114,3517061.2390466644,11020949.148820294,14538010.387866959
2.205351170568562,3509853.318194433,11035466.252853528,14545319.571047962
2.21438127090301,3502689.5325506963,11049943.041232744,14552632.57378344
2.223411371237458,3495569.4335351735,11064379.789641403,14559949.223176576
2.2324414715719065,3488492.5789247183,11078776.770767322,14567269.34969204
2.2414715719063545,3481458.532737957,11093134.254347207,14574592.787085164
2.250501672240803,3474466.865122469,11107452.507210344,14581919.372332813
2.259531772575251,3467517.1522444533,11121731.793321429,14589248.945565883
2.2685618729096992,3460608.9761808175,11135972.373822672,14596581.35000349
2.277591973244147,3453741.924813611,11150174.507075053,14603916.431888664
2.2866220735785956,3446915.591726762,11164338.448698841,14611254.040425602
2.2956521739130435,3440129.576105052,11178464.451613363,14618594.027718415
2.3046822742474915,3433383.482635261,11192552.766076047,14625936.248711308
2.31371237458194,3426676.9214094444,11206603.639720736,14633280.561130181
2.322742474916388,3420009.5078302757,11220617.31759531,14640626.825425586
2.3317725752508363,3413380.8625184144,11234594.042198641,14647974.904717056
2.340802675585284,3406790.6112218285,11248534.053516842,14655324.66473867
2.3498327759197326,3400238.3847270478,11262437.5890589,14662675.973785948
2.3588628762541806,3393723.818772282,11276304.883891651,14670028.702663934
2.3678929765886285,3387246.553962362,11290136.170674132,14677382.724636495
2.376923076923077,3380806.2356854626,11303931.679691311,14684737.915376773
2.385953177257525,3374402.5140315597,11317691.638887245,14692094.152918804
2.3949832775919733,3368035.043712577,11331416.273897616,14699451.317610193
2.4040133779264212,3361703.4839841914,11345105.808081737,14706809.292065928
2.4130434782608696,3355407.4985692427,11358760.462553939,14714167.961123182
2.4220735785953176,3349146.7555827145,11372380.45621447,14721527.211797185
2.431103678929766,3342920.9274582556,11385966.00577981,14728886.933238067
2.440133779264214,3336729.690876193,11399517.325812485,14736247.016688678
2.4491638795986623,3330572.7266930076,11413034.628750356,14743607.355443364
2.4581939799331103,3324449.719872237,11426518.124935396,14750967.844807632
2.4672240802675587,3318360.3594167675,11439968.022642005,14758328.382058773
2.4762541806020066,3312304.338302491,11453384.528104784,14765688.866407275
2.4852842809364546,3306281.3534132824,11466767.845545892,14773049.198959174
2.494314381270903,3300291.1054772763,11480118.177201912,14780409.282679189
2.503344481605351,3294333.2990044104,11493435.723350268,14787769.022354677
2.5123745819397993,3288407.6422252017,11506720.682335172,14795128.324560374
2.5214046822742473,3282513.8470307314,11519973.250593193,14802487.097623924
2.5304347826086957,3276651.628913807,11533193.622678341,14809845.251592148
2.5394648829431437,3270820.70691128,11546381.99128675,14817202.698198032
2.548494983277592,3265020.803547484,11559538.547280977,14824559.350828461
2.55752508361204,3259251.6447787764,11572663.479713844,14831915.124492621
2.5665551839464884,3253512.9599391497,11585756.975851962,14839269.935791112
2.5755852842809364,3247804.4816868994,11598819.221198784,14846623.702885684
2.5846153846153848,3242125.945952307,11611850.399517346,14853976.345469654
2.5936454849498327,3236477.0918863383,11624850.692852601,14861327.78473894
2.602675585284281,3230857.661810312,11637820.281553416,14868677.943363728
2.611705685618729,3225267.4011665285,11650759.344294174,14876026.745460702
2.620735785953177,3219706.0584698385,11663668.058096077,14883374.116565917
2.6297658862876254,3214173.3852601233,11676546.598348057,14890719.98360818
2.6387959866220734,3208669.136055673,11689395.138827376,14898064.274883049
2.6478260869565218,3203193.068307436,11702213.851719916,14905406.920027353
2.6568561872909697,3197744.94235413,11715002.907640096,14912747.849994225
2.665886287625418,3192324.5213781847,11727762.475650514,14920086.997028697
2.674916387959866,3186931.571362507,11740492.72328126,14927424.294643767
2.6839464882943145,3181565.8610480432,11753193.81654894,14934759.677596983
2.6929765886287624,3176227.161892131,11765865.91997537,14942093.081867501
2.702006688963211,3170915.2480276083,11778509.196606008,14949424.444633616
2.711036789297659,3165629.896222682,11791123.808028087,14956753.70425077
2.720066889632107,3160370.8858415205,11803709.914388468,14964080.800229989
2.729096989966555,3155137.998805571,11816267.6744112,14971405.673216771
2.7381270903010035,3149931.019555576,11828797.245414834,14978728.26497041
2.7471571906354515,3144749.7350142784,11841298.783329453,14986048.518343732
2.7561872909698995,3139593.9345497964,11853772.442713449,14993366.377263244
2.765217391304348,3134463.4099396607,11866218.376770027,15000681.786709689
2.774247491638796,3129357.9553354937,11878636.737363493,15007994.692698987
2.783277591973244,3124277.367228318,11891027.67503524,15015305.042263558
2.792307692307692,3119221.4444144885,11903391.339019554,15022612.783434043
2.8013377926421406,3114189.9879622185,11915727.877259113,15029917.86522133
2.8103678929765885,3109182.8011787124,11928037.436420325,15037220.237599038
2.819397993311037,3104199.6895778608,11940320.16190838,15044519.851486241
2.828428093645485,3099240.460848519,11952576.1978821,15051816.658730619
2.8374581939799333,3094304.92482333,11964805.687268544,15059110.612091873
2.846488294314381,3089392.893448098,11977008.771777464,15066401.665225562
2.8555183946488296,3084504.1807516953,11989185.591915442,15073689.772667136
2.8645484949832776,3079638.6028164835,12001336.286999905,15080974.889816388
2.8735785953177255,3074795.9777492583,12013460.995172907,15088256.972922165
2.882608695652174,3069976.1256526844,12025559.853414675,15095535.97906736
2.891638795986622,3065178.868597229,12037632.997557016,15102811.866154246
2.9006688963210703,3060404.0305935727,12049680.562296478,15110084.59289005
2.9096989966555182,3055651.4375654915,12061702.681207353,15117354.118772846
2.9187290969899666,3050920.917323202,12073699.48675446,15124620.404077662
2.9277591973244146,3046212.299537158,12085671.110305784,15131883.409842942
2.936789297658863,3041525.4157122923,12097617.682144888,15139143.097857181
2.945819397993311,3036860.0991626913,12109539.33148318,15146399.430645872
2.9548494983277593,3032216.1849866943,12121436.186471988,15153652.371458681
2.9638795986622073,3027593.510042418,12133308.37421447,15160901.884256888
2.9729096989966557,3022991.9129236755,12145156.020777352,15168147.933701027
2.9819397993311036,3018411.233936315,12156979.251202488,15175390.485138804
2.990969899665552,3013851.3150749356,12168778.18951829,15182629.504593225
3.0,3009312.0000000005,12180552.958750939,15189864.958750939
